company_id,segment,action,priority,ltv_pred_lgb_clip,ltv_12m_actual,ltv_rank,monetary_12m,growth_rate_12m,frequency,n_unique_products,renewal_share_line,has_collab
comp_2717911b4fcd,VIP_Default,Проверить ключевого клиента (VIP),VIP,444320.99037156306,2830000.0,1.0,1553000.0,62.12,22,7,0.8846153846153846,0
comp_8d2a338f8fd2,VIP_Default,Проверить ключевого клиента (VIP),VIP,341507.229717937,744000.0,2.0,311000.0,0.8405405405405405,11,4,0.88,0
comp_561ee9bd5ef0,VIP_Default,Проверить ключевого клиента (VIP),VIP,326689.229305187,552000.0,3.0,376000.0,1.1786833855799372,28,9,0.8085106382978723,0
comp_f53c509c3e3b,VIP_Default,Проверить ключевого клиента (VIP),VIP,304445.22546049947,163000.0,4.0,175000.0,0.9259259259259259,9,5,0.9583333333333334,0
comp_d12d50a5ac36,VIP_Default,Проверить ключевого клиента (VIP),VIP,290346.11082897446,244000.0,5.0,216000.0,1.0434782608695652,28,10,0.84,0
comp_e9c6c517e5a3,VIP_Default,Проверить ключевого клиента (VIP),VIP,277004.71508002374,0.0,6.0,516000.0,1.5542168674698795,23,12,0.8484848484848485,0
comp_7b3e4c10b02c,VIP_Default,Проверить ключевого клиента (VIP),VIP,274225.15419016156,397000.0,7.0,347000.0,1.0981012658227849,16,9,0.75,0
comp_22a516bd5fa2,VIP_Default,Проверить ключевого клиента (VIP),VIP,257072.8283457504,57000.0,8.0,249000.0,0.4911242603550296,10,7,0.6551724137931034,0
comp_2661cea9a842,VIP_Default,Проверить ключевого клиента (VIP),VIP,256707.5567830474,0.0,9.0,172000.0,0.0,16,5,0.6666666666666666,0
comp_53825f3f8106,High_CrossSell,Кросс-сейл: предложить доп. продукты,VIP,249120.8265883501,18000.0,10.0,391000.0,2.057894736842105,3,2,0.8571428571428571,0
comp_fc0476ca4b12,VIP_Growth,Retention + Upsell коллаб-продуктов,VIP,246427.2980041106,252000.0,11.0,256000.0,1.610062893081761,13,6,0.8,0
comp_b481d9889d29,VIP_Growth,Retention + Upsell коллаб-продуктов,VIP,241159.47621948874,446000.0,12.0,203000.0,1.780701754385965,9,4,0.5454545454545454,0
comp_0d6635e556c7,VIP_Growth,Retention + Upsell коллаб-продуктов,VIP,237279.9012154528,184000.0,13.0,250000.0,1.6556291390728477,7,2,0.7666666666666667,0
comp_40741fd7c65f,VIP_Default,Проверить ключевого клиента (VIP),VIP,231899.67230184982,0.0,14.0,130000.0,0.9219858156028369,15,8,0.8888888888888888,0
comp_138a2a5d1904,VIP_Default,Проверить ключевого клиента (VIP),VIP,231845.35851208182,409000.0,15.0,179000.0,1.0406976744186047,5,6,0.7142857142857143,0
comp_2a9c194dc9aa,VIP_Default,Проверить ключевого клиента (VIP),VIP,229544.0750200481,227000.0,16.0,257000.0,0.8426229508196721,4,4,0.5,0
comp_09e8d1774c6b,VIP_Growth,Retention + Upsell коллаб-продуктов,VIP,223534.44346022946,230000.0,17.0,231000.0,1.519736842105263,12,5,0.7857142857142857,0
comp_7d9ab7a9bf63,VIP_Default,Проверить ключевого клиента (VIP),VIP,216105.4030316881,40000.0,18.0,342000.0,9.771428571428572,5,3,0.8125,0
comp_2363024f7f6e,VIP_Default,Проверить ключевого клиента (VIP),VIP,215155.9497183243,140000.0,19.0,255000.0,0.625,67,7,0.9,0
comp_b15b42736e02,VIP_Default,Проверить ключевого клиента (VIP),VIP,212182.538161919,294000.0,20.0,139000.0,0.8853503184713376,4,3,0.8181818181818182,0
comp_664d71a0367d,VIP_Growth,Retention + Upsell коллаб-продуктов,VIP,211406.9383984192,249000.0,21.0,184000.0,1.5206611570247934,10,5,0.9473684210526315,0
comp_e4e3ba3f25d9,VIP_Growth,Retention + Upsell коллаб-продуктов,VIP,210719.58401985513,0.0,22.0,214000.0,2.183673469387755,5,4,0.9090909090909091,0
comp_77fe4c514335,VIP_AtRisk,"CS: предотвращение оттока, спецпредложения",VIP,208818.40418108215,575000.0,23.0,10000.0,0.06666666666666667,15,5,0.9285714285714286,0
comp_c6ace0248c73,VIP_Default,Проверить ключевого клиента (VIP),VIP,206298.266786521,244000.0,24.0,152000.0,1.0,8,4,0.96,0
comp_c4b6df696146,VIP_AtRisk,"CS: предотвращение оттока, спецпредложения",VIP,200786.43223256446,0.0,25.0,473000.0,0.6875,35,11,0.7934782608695652,0
comp_7f78e35d42ff,VIP_AtRisk,"CS: предотвращение оттока, спецпредложения",VIP,198693.78143046817,12000.0,26.0,324000.0,0.0,1,2,0.0,0
comp_d97aaa2d4f44,VIP_Growth,Retention + Upsell коллаб-продуктов,VIP,197873.35279338007,203000.0,27.0,281000.0,1.9246575342465753,49,4,0.7608695652173914,0
comp_b5e6e9100a6e,VIP_Default,Проверить ключевого клиента (VIP),VIP,194062.54766758563,0.0,28.0,340000.0,1.0932475884244373,40,9,0.7560975609756098,0
comp_1b76c9855c35,VIP_AtRisk,"CS: предотвращение оттока, спецпредложения",VIP,192964.35753418744,0.0,29.0,228000.0,0.0,2,3,0.0,0
comp_32581df1fb02,VIP_Default,Проверить ключевого клиента (VIP),VIP,192547.35082970656,172000.0,30.0,210000.0,1.3125,4,3,0.5384615384615384,0
comp_247f9c1e9862,VIP_Default,Проверить ключевого клиента (VIP),VIP,192356.9217569332,204000.0,31.0,260000.0,1.1063829787234043,9,5,0.8636363636363636,0
comp_c050eeb339fc,VIP_AtRisk,"CS: предотвращение оттока, спецпредложения",VIP,188573.64712596315,294000.0,32.0,133000.0,0.0,1,2,0.0,0
comp_23008b95884e,VIP_AtRisk,"CS: предотвращение оттока, спецпредложения",VIP,183941.85609443818,243000.0,33.0,128000.0,0.0,1,2,0.0,0
comp_6eed8dbbf43a,VIP_Growth,Retention + Upsell коллаб-продуктов,VIP,182446.5914348737,0.0,34.0,209000.0,1.5714285714285714,23,8,1.0,0
comp_d5f04643227b,VIP_Growth,Retention + Upsell коллаб-продуктов,VIP,176548.93131013922,11000.0,35.0,180000.0,1.8181818181818181,8,4,0.7647058823529411,0
comp_5cfe6551cf90,VIP_AtRisk,"CS: предотвращение оттока, спецпредложения",VIP,173535.4541876362,124000.0,36.0,31000.0,0.13716814159292035,13,6,0.9090909090909091,0
comp_e12de5de6c75,VIP_Growth,Retention + Upsell коллаб-продуктов,VIP,168781.30630142847,30000.0,37.0,151000.0,1.2583333333333333,16,4,0.875,0
comp_a771fca6184d,VIP_Growth,Retention + Upsell коллаб-продуктов,VIP,164958.0316852042,168000.0,38.0,185000.0,2.9365079365079363,14,4,0.7916666666666666,0
comp_59c9d279ba8f,VIP_AtRisk,"CS: предотвращение оттока, спецпредложения",VIP,160582.89123366508,128000.0,39.0,138000.0,0.6731707317073171,11,6,0.9047619047619048,0
comp_e24792e290f0,VIP_AtRisk,"CS: предотвращение оттока, спецпредложения",VIP,160079.15628150236,112000.0,40.0,144000.0,0.0,2,2,0.0,0
comp_46dedaeb28d1,VIP_Default,Проверить ключевого клиента (VIP),VIP,158258.8208298872,219000.0,41.0,194000.0,1.0777777777777777,5,4,0.5,0
comp_8bd188ba784c,VIP_AtRisk,"CS: предотвращение оттока, спецпредложения",VIP,155511.28318827134,64000.0,42.0,65000.0,0.0,6,5,0.46153846153846156,0
comp_0f70fc652cc2,VIP_Growth,Retention + Upsell коллаб-продуктов,VIP,152400.48606813146,85000.0,43.0,272000.0,13.6,10,2,0.9310344827586207,0
comp_535447f59805,VIP_Default,Проверить ключевого клиента (VIP),VIP,152384.589968322,107000.0,44.0,158000.0,1.025974025974026,7,5,0.8421052631578947,0
comp_19d3b81c0ee4,VIP_Default,Проверить ключевого клиента (VIP),VIP,151619.17503603996,210000.0,45.0,139000.0,0.42901234567901236,8,3,0.9393939393939394,0
comp_fb27697f3844,VIP_Default,Проверить ключевого клиента (VIP),VIP,151022.03411140607,89000.0,46.0,155000.0,0.8201058201058201,59,4,0.7692307692307693,0
comp_9218845a7aaa,VIP_Default,Проверить ключевого клиента (VIP),VIP,150938.8675266513,152000.0,47.0,140000.0,1.238938053097345,7,3,0.9473684210526315,0
comp_769e2878484a,VIP_Default,Проверить ключевого клиента (VIP),VIP,150526.3003612488,0.0,48.0,276000.0,9.2,9,2,0.5666666666666667,0
comp_9a3c7891b8c7,VIP_Default,Проверить ключевого клиента (VIP),VIP,148329.6785984785,90000.0,49.0,130000.0,0.65,56,2,0.8863636363636364,0
comp_ab8678b85cf6,VIP_Default,Проверить ключевого клиента (VIP),VIP,142341.3309631083,147000.0,50.0,130000.0,1.1304347826086956,5,5,0.42857142857142855,0
comp_674908e94845,VIP_Default,Проверить ключевого клиента (VIP),VIP,141120.05081674925,139000.0,51.0,139000.0,0.9205298013245033,23,6,0.9310344827586207,0
comp_6cf45bc58e18,VIP_Default,Проверить ключевого клиента (VIP),VIP,139139.96614906957,290000.0,52.0,162000.0,1.1654676258992807,4,3,0.42857142857142855,0
comp_6b7a97f34615,VIP_Default,Проверить ключевого клиента (VIP),VIP,137172.56807333187,157000.0,53.0,146000.0,1.2695652173913043,9,5,0.9565217391304348,0
comp_b10b788918c2,High_CrossSell,Кросс-сейл: предложить доп. продукты,VIP,135860.8629301476,104000.0,54.0,152000.0,1.0857142857142856,4,2,0.8333333333333334,0
comp_dcb3faeecde0,High_CrossSell,Кросс-сейл: предложить доп. продукты,VIP,134180.04784072802,81000.0,55.0,180000.0,0.0,6,2,0.8333333333333334,0
comp_8ef98a3a0391,High_CrossSell,Кросс-сейл: предложить доп. продукты,VIP,130353.77535930047,68000.0,56.0,91000.0,1.0,2,2,0.5,0
comp_a442acd7fbda,VIP_Default,Проверить ключевого клиента (VIP),VIP,129983.26916820102,142000.0,57.0,138000.0,2.816326530612245,7,5,0.8888888888888888,0
comp_d8da9fd218f9,VIP_Default,Проверить ключевого клиента (VIP),VIP,129673.79776962384,70000.0,58.0,60000.0,0.35294117647058826,4,4,0.2,0
comp_5681f057cecb,VIP_Default,Проверить ключевого клиента (VIP),VIP,126677.48789500358,143000.0,59.0,142000.0,4.303030303030303,20,4,0.8181818181818182,0
comp_54f3701b1ec2,VIP_Default,Проверить ключевого клиента (VIP),VIP,125846.81711133866,141000.0,60.0,137000.0,1.957142857142857,3,3,0.8181818181818182,0
comp_3f526496d3a2,VIP_Default,Проверить ключевого клиента (VIP),VIP,124745.36449390817,18000.0,61.0,18000.0,1.2857142857142858,8,6,0.8571428571428571,0
comp_c6d3fb841f60,VIP_Default,Проверить ключевого клиента (VIP),VIP,122984.55228172442,258000.0,62.0,121000.0,1.1,17,7,0.96,0
comp_8079cd12026a,VIP_Growth,Retention + Upsell коллаб-продуктов,VIP,121055.97630473723,378000.0,63.0,62000.0,1.441860465116279,12,3,0.26666666666666666,0
comp_e77da929b992,VIP_Default,Проверить ключевого клиента (VIP),VIP,120304.30645478812,171000.0,64.0,70000.0,0.0,3,4,0.0,0
comp_eb4b9de36171,VIP_Default,Проверить ключевого клиента (VIP),VIP,108619.00391425239,132000.0,65.0,87000.0,0.925531914893617,5,4,0.7857142857142857,0
comp_bc3858feb75f,High_CrossSell,Кросс-сейл: предложить доп. продукты,VIP,103739.4348929677,89000.0,66.0,64000.0,0.0,1,2,0.0,0
comp_cf66f5a7a225,VIP_Default,Проверить ключевого клиента (VIP),VIP,102631.15187653246,0.0,67.0,0.0,0.0,1,2,0.0,0
comp_cb913358a404,VIP_AtRisk,"CS: предотвращение оттока, спецпредложения",VIP,102622.92791343521,0.0,68.0,77000.0,0.19948186528497408,34,5,0.9285714285714286,0
comp_42f1d86a1411,VIP_Default,Проверить ключевого клиента (VIP),VIP,102491.79553074331,132000.0,69.0,70000.0,1.4893617021276595,15,6,0.9444444444444444,0
comp_2f4f8ace4e99,VIP_Default,Проверить ключевого клиента (VIP),VIP,102298.89331331858,111000.0,70.0,99000.0,1.1927710843373494,8,4,0.9166666666666666,0
comp_24392d5d127e,VIP_AtRisk,"CS: предотвращение оттока, спецпредложения",VIP,102225.5938355038,134000.0,71.0,134000.0,0.0,2,3,0.0,0
comp_1f6ba3ac4682,VIP_Default,Проверить ключевого клиента (VIP),VIP,101334.09572669968,98000.0,72.0,92000.0,0.647887323943662,50,2,0.7924528301886793,0
comp_519169db55a3,VIP_Default,Проверить ключевого клиента (VIP),VIP,100581.15055343942,119000.0,73.0,123000.0,0.0,3,3,0.6666666666666666,0
comp_eee63a5b5b92,VIP_Default,Проверить ключевого клиента (VIP),VIP,100467.75565441573,100000.0,74.0,100000.0,3.3333333333333335,13,1,0.08333333333333333,0
comp_35b3a82f79af,VIP_Default,Проверить ключевого клиента (VIP),VIP,98313.23911141831,161000.0,75.0,80000.0,1.509433962264151,11,6,0.75,0
comp_15e2737e39c7,VIP_AtRisk,"CS: предотвращение оттока, спецпредложения",VIP,97450.59238820938,123000.0,76.0,72000.0,0.0,3,3,0.0,0
comp_03d7aef1b0c1,High_CrossSell,Кросс-сейл: предложить доп. продукты,VIP,95954.36762647035,35000.0,77.0,38000.0,2.533333333333333,82,2,0.9318181818181818,0
comp_0aa5945078c3,VIP_Growth,Retention + Upsell коллаб-продуктов,VIP,95548.56840099773,94000.0,78.0,94000.0,1.3623188405797102,8,4,0.6428571428571429,0
comp_2e462a0696f7,VIP_Default,Проверить ключевого клиента (VIP),VIP,95538.91598337327,83000.0,79.0,53000.0,0.4732142857142857,7,5,0.8333333333333334,0
comp_0a261364d50c,VIP_Default,Проверить ключевого клиента (VIP),VIP,94478.90213346216,107000.0,80.0,96000.0,1.4328358208955223,14,4,0.9444444444444444,0
comp_86c075c9a2cc,VIP_Default,Проверить ключевого клиента (VIP),VIP,94315.4621486065,110000.0,81.0,130000.0,1.1818181818181819,24,1,0.43478260869565216,0
comp_e80be60fdaae,VIP_Default,Проверить ключевого клиента (VIP),VIP,93354.35377627713,90000.0,82.0,100000.0,1.6666666666666667,16,1,0.3125,0
comp_d5ce2feb8942,VIP_AtRisk,"CS: предотвращение оттока, спецпредложения",VIP,93329.69366418758,197000.0,83.0,67000.0,0.0,1,2,0.0,0
comp_f236f371ab19,VIP_AtRisk,"CS: предотвращение оттока, спецпредложения",VIP,92996.45034861831,30000.0,84.0,50000.0,0.625,77,2,0.5306122448979592,0
comp_c91c676b0a34,VIP_Growth,Retention + Upsell коллаб-продуктов,VIP,92517.7655257661,76000.0,85.0,74000.0,2.0,3,3,0.14285714285714285,0
comp_b438021903c0,VIP_Default,Проверить ключевого клиента (VIP),VIP,92431.37369975107,108000.0,86.0,72000.0,1.3333333333333333,8,3,0.75,0
comp_5633f7e5c9d5,High_CrossSell,Кросс-сейл: предложить доп. продукты,VIP,91812.07398942272,110000.0,87.0,70000.0,1.3725490196078431,12,1,0.3333333333333333,0
comp_b9f23ef657eb,VIP_AtRisk,"CS: предотвращение оттока, спецпредложения",VIP,91398.94697311154,17000.0,88.0,100000.0,0.6802721088435374,18,2,0.6756756756756757,0
comp_5d7f0d6a96d8,VIP_AtRisk,"CS: предотвращение оттока, спецпредложения",VIP,90511.02785220786,82000.0,89.0,11000.0,0.03323262839879154,44,2,0.5833333333333334,0
comp_22547e79565b,VIP_Default,Проверить ключевого клиента (VIP),VIP,90455.75248872318,122000.0,90.0,116000.0,1.4146341463414633,6,3,0.7142857142857143,0
comp_2e24a5d07b00,VIP_AtRisk,"CS: предотвращение оттока, спецпредложения",VIP,89890.05409255857,65000.0,91.0,100000.0,0.6369426751592356,11,6,0.5625,0
comp_3d17a736af62,VIP_Default,Проверить ключевого клиента (VIP),VIP,89637.73167652069,0.0,92.0,143000.0,3.575,13,4,0.5294117647058824,0
comp_29c461975f09,High_CrossSell,Кросс-сейл: предложить доп. продукты,VIP,89208.74792125827,0.0,93.0,141000.0,0.0,1,2,0.0,0
comp_06196c65dd6d,VIP_Default,Проверить ключевого клиента (VIP),VIP,89092.71737249491,57000.0,94.0,139000.0,1.3627450980392157,19,8,0.9117647058823529,0
comp_2687d8d66870,VIP_Default,Проверить ключевого клиента (VIP),VIP,88973.98325473392,105000.0,95.0,129000.0,1.0932203389830508,13,4,0.8695652173913043,0
comp_50f8d69925a1,VIP_Default,Проверить ключевого клиента (VIP),VIP,88818.56580817986,147000.0,96.0,112000.0,0.0,14,7,0.8421052631578947,0
comp_272c6c139d9b,VIP_Growth,Retention + Upsell коллаб-продуктов,VIP,88747.91735405663,33000.0,97.0,66000.0,1.32,5,1,0.5714285714285714,0
comp_612c7908ae16,VIP_Default,Проверить ключевого клиента (VIP),VIP,87597.03265648172,57000.0,98.0,156000.0,3.5454545454545454,7,2,0.5263157894736842,0
comp_56f1a96b2358,VIP_Default,Проверить ключевого клиента (VIP),VIP,87477.96015993597,121000.0,99.0,100000.0,1.1111111111111112,20,1,0.45,0
comp_4145e1d8cc99,High_CrossSell,Кросс-сейл: предложить доп. продукты,VIP,87413.45767958411,50000.0,100.0,120000.0,12.0,14,1,0.14285714285714285,0
comp_03d639c362de,VIP_Default,Проверить ключевого клиента (VIP),VIP,87152.05097113941,77000.0,101.0,149000.0,2.6607142857142856,10,6,0.4166666666666667,0
comp_732572415483,VIP_Default,Проверить ключевого клиента (VIP),VIP,87115.48716578317,92000.0,102.0,100000.0,0.0,3,3,0.0,0
comp_5bce62a9c514,VIP_Default,Проверить ключевого клиента (VIP),VIP,85679.1841672618,93000.0,103.0,132000.0,0.8571428571428571,37,1,0.6216216216216216,0
comp_0312f1b7139d,VIP_Growth,Retention + Upsell коллаб-продуктов,VIP,85206.94047375268,123000.0,104.0,76000.0,1.4615384615384615,9,4,0.9285714285714286,0
comp_0d2ed9346d02,VIP_Growth,Retention + Upsell коллаб-продуктов,VIP,84832.14464502952,80000.0,105.0,100000.0,2.5,33,3,0.2,1
comp_d70fd646756d,VIP_AtRisk,"CS: предотвращение оттока, спецпредложения",VIP,84585.83053984647,106000.0,106.0,85000.0,0.0,2,3,0.0,1
comp_dd8b18832baa,VIP_Default,Проверить ключевого клиента (VIP),VIP,84063.5122601203,114000.0,107.0,90000.0,1.2162162162162162,10,5,0.8888888888888888,0
comp_1b93d2f175bf,VIP_Growth,Retention + Upsell коллаб-продуктов,VIP,83547.78459185343,63000.0,108.0,124000.0,3.757575757575758,21,2,0.6785714285714286,0
comp_c3155a7993ac,VIP_Default,Проверить ключевого клиента (VIP),VIP,83212.50252937194,72000.0,109.0,87000.0,2.175,12,4,0.7368421052631579,0
comp_619fe167e984,VIP_Growth,Retention + Upsell коллаб-продуктов,VIP,82968.50181847082,123000.0,110.0,95000.0,2.021276595744681,4,5,0.1875,1
comp_fb1eeb892703,VIP_Default,Проверить ключевого клиента (VIP),VIP,82929.76077587633,0.0,111.0,97000.0,1.4923076923076923,14,4,0.9565217391304348,0
comp_1cd75cbc3843,VIP_Default,Проверить ключевого клиента (VIP),VIP,82545.70371781079,16000.0,112.0,13000.0,1.0,47,2,0.7777777777777778,0
comp_c10168d4f1e3,VIP_Default,Проверить ключевого клиента (VIP),VIP,82480.56985544703,20000.0,113.0,81000.0,8.1,7,3,0.4444444444444444,0
comp_98d24ba90969,VIP_Growth,Retention + Upsell коллаб-продуктов,VIP,80841.14812922111,155000.0,114.0,86000.0,1.323076923076923,7,3,0.75,0
comp_5b8280f2aa2d,VIP_Default,Проверить ключевого клиента (VIP),VIP,80607.87110768241,51000.0,115.0,69000.0,1.7692307692307692,10,3,0.9411764705882353,0
comp_91ea57c75600,VIP_Growth,Retention + Upsell коллаб-продуктов,VIP,80521.6657567438,0.0,116.0,110000.0,5.5,14,4,0.25,1
comp_f2fe9a0d8ab6,VIP_Default,Проверить ключевого клиента (VIP),VIP,80326.32713309993,105000.0,117.0,83000.0,7.545454545454546,5,2,0.4444444444444444,0
comp_65965735d42f,VIP_Default,Проверить ключевого клиента (VIP),VIP,79638.0695575583,110000.0,118.0,83000.0,0.0,1,2,0.0,0
comp_7f9392fa93fd,VIP_Default,Проверить ключевого клиента (VIP),VIP,79222.43405437791,21000.0,119.0,87000.0,0.0,6,3,0.0,0
comp_08792d37acdc,VIP_Default,Проверить ключевого клиента (VIP),VIP,78799.0403302641,79000.0,120.0,77000.0,1.925,11,5,0.6,0
comp_72104a6e68b3,VIP_Default,Проверить ключевого клиента (VIP),VIP,78508.94889352712,0.0,121.0,72000.0,0.0,1,2,0.0,0
comp_e10ee6ae2c79,High_CrossSell,Кросс-сейл: предложить доп. продукты,VIP,78312.65426801644,0.0,122.0,89000.0,1.2535211267605635,8,2,0.3076923076923077,0
comp_9eb26ef2d3bf,VIP_Default,Проверить ключевого клиента (VIP),VIP,78132.58031121959,119000.0,123.0,92000.0,1.3333333333333333,20,2,1.0,0
comp_fa190b4831db,VIP_Default,Проверить ключевого клиента (VIP),VIP,77360.05328592387,118000.0,124.0,103000.0,1.4714285714285715,8,3,0.6666666666666666,0
comp_22a3185a0c0a,VIP_Growth,Retention + Upsell коллаб-продуктов,VIP,77156.90186008463,67000.0,125.0,85000.0,1.9767441860465116,17,3,0.95,0
comp_b0fd1552dfb0,VIP_Default,Проверить ключевого клиента (VIP),VIP,76840.97352661814,47000.0,126.0,108000.0,5.142857142857143,8,2,0.6666666666666666,0
comp_c826660208f2,VIP_Growth,Retention + Upsell коллаб-продуктов,VIP,76289.03698293635,0.0,127.0,91000.0,3.9565217391304346,6,3,0.5454545454545454,0
comp_3e77dde288af,VIP_Default,Проверить ключевого клиента (VIP),VIP,75643.18205848317,0.0,128.0,117000.0,1.3295454545454546,4,2,0.6428571428571429,0
comp_c2c9438248d3,High_CrossSell,Кросс-сейл: предложить доп. продукты,VIP,75384.471983863,102000.0,129.0,128000.0,1.1531531531531531,10,2,0.9666666666666667,0
comp_c2c2d33b98be,VIP_Default,Проверить ключевого клиента (VIP),VIP,75318.27412800331,92000.0,130.0,99000.0,1.1,5,4,0.875,0
comp_aaa698b4397d,High_CrossSell,Кросс-сейл: предложить доп. продукты,VIP,74465.03260961542,0.0,131.0,0.0,0.0,23,2,0.9166666666666666,0
comp_d9fd1167d951,VIP_Default,Проверить ключевого клиента (VIP),VIP,74284.01129158794,110000.0,132.0,110000.0,1.375,25,1,0.56,0
comp_3ba241d96923,VIP_Growth,Retention + Upsell коллаб-продуктов,VIP,74223.44572576624,90000.0,133.0,80000.0,1.3333333333333333,19,1,0.5263157894736842,0
comp_de9a83cb5f00,High_CrossSell,Кросс-сейл: предложить доп. продукты,VIP,73744.99611514669,0.0,134.0,0.0,0.0,48,2,1.0,0
comp_5f865ac31cb0,VIP_Default,Проверить ключевого клиента (VIP),VIP,73341.83371573355,130000.0,135.0,91000.0,1.3,32,2,0.5098039215686274,0
comp_60f17fd4dc26,VIP_Default,Проверить ключевого клиента (VIP),VIP,72658.20300211015,121000.0,136.0,105000.0,1.0606060606060606,10,4,0.9411764705882353,0
comp_69d4f9522a60,VIP_Default,Проверить ключевого клиента (VIP),VIP,72413.36501817511,62000.0,137.0,103000.0,0.9809523809523809,9,7,0.5217391304347826,0
comp_6b2ec3e54254,VIP_Default,Проверить ключевого клиента (VIP),VIP,71946.62698528536,43000.0,138.0,127000.0,1.4597701149425288,18,2,0.8,0
comp_cd296e1cc176,VIP_Growth,Retention + Upsell коллаб-продуктов,VIP,71575.09958263703,79000.0,139.0,95000.0,2.111111111111111,9,2,0.3076923076923077,0
comp_fc47d84ddceb,VIP_Growth,Retention + Upsell коллаб-продуктов,VIP,70720.18870972176,78000.0,140.0,53000.0,3.3125,7,5,0.42857142857142855,0
comp_7072a0518481,VIP_Growth,Retention + Upsell коллаб-продуктов,VIP,70638.36988896596,123000.0,141.0,71000.0,1.2241379310344827,7,4,0.0,0
comp_a8c592f59595,VIP_AtRisk,"CS: предотвращение оттока, спецпредложения",VIP,70292.79387349125,72000.0,142.0,63000.0,0.0,1,2,0.0,0
comp_858f2acce20f,VIP_AtRisk,"CS: предотвращение оттока, спецпредложения",VIP,70191.38588395687,44000.0,143.0,69000.0,0.0,5,3,0.2,0
comp_070f8e5067bc,VIP_Default,Проверить ключевого клиента (VIP),VIP,70013.61864269058,50000.0,144.0,66000.0,0.0,7,3,0.375,0
comp_4dad78cf04c9,VIP_Default,Проверить ключевого клиента (VIP),VIP,69654.0278800557,63000.0,145.0,61000.0,1.0892857142857142,12,3,0.9333333333333333,0
comp_927756d1694c,VIP_Growth,Retention + Upsell коллаб-продуктов,VIP,69607.5612936572,97000.0,146.0,59000.0,2.269230769230769,6,3,0.5,0
comp_c1bd5ec257ac,High_CrossSell,Кросс-сейл: предложить доп. продукты,VIP,69341.84406935463,84000.0,147.0,68000.0,1.0625,3,1,0.6666666666666666,0
comp_e70e01050ea7,High_CrossSell,Кросс-сейл: предложить доп. продукты,VIP,69044.65020584971,20000.0,148.0,100000.0,1.1111111111111112,21,1,0.47619047619047616,0
comp_632311f6f48b,VIP_Growth,Retention + Upsell коллаб-продуктов,VIP,68704.91619349063,77000.0,149.0,88000.0,1.6603773584905661,39,2,0.7837837837837838,0
comp_c04cfeeb824c,High_CrossSell,Кросс-сейл: предложить доп. продукты,VIP,67208.34125156452,60000.0,150.0,70000.0,0.7777777777777778,16,1,0.4375,0
comp_20b2bafdb60d,VIP_Growth,Retention + Upsell коллаб-продуктов,VIP,67092.80084775857,0.0,151.0,100000.0,1.5384615384615385,6,5,0.6923076923076923,0
comp_e75edfd47c23,VIP_Default,Проверить ключевого клиента (VIP),VIP,66586.8498666652,164000.0,152.0,114000.0,0.7354838709677419,32,4,0.7297297297297297,0
comp_aca73e65861f,VIP_Growth,Retention + Upsell коллаб-продуктов,VIP,66489.00075714932,106000.0,153.0,70000.0,2.0588235294117645,3,4,0.8571428571428571,0
comp_f39a475cd0ba,VIP_Default,Проверить ключевого клиента (VIP),VIP,66183.92386349812,44000.0,154.0,88000.0,1.035294117647059,13,4,0.3888888888888889,0
comp_8a0102605f81,VIP_Default,Проверить ключевого клиента (VIP),VIP,65322.130725553994,61000.0,155.0,62000.0,1.0,12,4,0.6470588235294118,0
comp_3be160e5cc3f,High_CrossSell,Кросс-сейл: предложить доп. продукты,VIP,65227.32001631898,90000.0,156.0,80000.0,1.1428571428571428,18,1,0.5,0
comp_23d0fde4d8e1,VIP_Default,Проверить ключевого клиента (VIP),VIP,64982.03938474481,66000.0,157.0,61000.0,1.0166666666666666,9,3,0.6153846153846154,0
comp_80b90f2d413f,VIP_Default,Проверить ключевого клиента (VIP),VIP,64633.63980456963,10000.0,158.0,100000.0,0.6211180124223602,37,1,0.6470588235294118,0
comp_7814dc8fe12b,High_CrossSell,Кросс-сейл: предложить доп. продукты,VIP,64473.51985516363,71000.0,159.0,84000.0,0.0,2,2,0.6,0
comp_7a202ca67903,VIP_Default,Проверить ключевого клиента (VIP),VIP,64443.0200763887,38000.0,160.0,118000.0,0.7329192546583851,18,3,0.717948717948718,1
comp_427f8a270198,High_CrossSell,Кросс-сейл: предложить доп. продукты,VIP,64367.18821660162,71000.0,161.0,71000.0,1.1639344262295082,7,2,0.8235294117647058,0
comp_bbc553181261,VIP_Default,Проверить ключевого клиента (VIP),VIP,63812.16310841684,38000.0,162.0,68000.0,1.0461538461538462,20,2,0.8285714285714286,0
comp_af064784cadd,VIP_AtRisk,"CS: предотвращение оттока, спецпредложения",VIP,63645.847839132,45000.0,163.0,93000.0,0.0,6,5,0.6,0
comp_21d7d3202550,VIP_Default,Проверить ключевого клиента (VIP),VIP,63602.949016585844,70000.0,164.0,82000.0,2.05,5,3,0.8888888888888888,0
comp_75afd6973a2f,High_CrossSell,Кросс-сейл: предложить доп. продукты,VIP,63361.37449962193,94000.0,165.0,48000.0,2.2857142857142856,5,1,0.5,0
comp_ba4b88602942,VIP_Growth,Retention + Upsell коллаб-продуктов,VIP,63005.49283193715,67000.0,166.0,50000.0,3.3333333333333335,7,3,0.8181818181818182,0
comp_c12af7b93c9f,VIP_AtRisk,"CS: предотвращение оттока, спецпредложения",VIP,62718.21324558839,63000.0,167.0,61000.0,0.7625,7,2,0.9285714285714286,0
comp_ef0549ee47d2,VIP_Growth,Retention + Upsell коллаб-продуктов,VIP,62490.11257089198,78000.0,168.0,46000.0,1.3529411764705883,11,5,0.8,0
comp_1aa430360488,VIP_Default,Проверить ключевого клиента (VIP),VIP,62454.93691175994,0.0,169.0,0.0,0.0,4,3,0.8571428571428571,0
comp_709bb77d458d,VIP_Growth,Retention + Upsell коллаб-продуктов,VIP,62294.30122208886,0.0,170.0,137000.0,2.74,2,1,0.5,0
comp_0a06ba459d05,VIP_Default,Проверить ключевого клиента (VIP),VIP,62241.4928988449,71000.0,171.0,66000.0,1.11864406779661,10,4,0.9444444444444444,0
comp_682de729ccc8,VIP_AtRisk,"CS: предотвращение оттока, спецпредложения",VIP,62073.97917302437,70000.0,172.0,80000.0,0.7272727272727273,19,1,0.5263157894736842,0
comp_c21031e79de8,VIP_Default,Проверить ключевого клиента (VIP),VIP,61701.6054765542,75000.0,173.0,64000.0,1.1228070175438596,7,5,0.8181818181818182,0
comp_360856162a5e,VIP_Default,Проверить ключевого клиента (VIP),VIP,61495.39512273045,68000.0,174.0,68000.0,2.4285714285714284,4,3,0.75,0
comp_f114f344dd77,VIP_Default,Проверить ключевого клиента (VIP),VIP,61264.10899213336,0.0,175.0,112000.0,0.0,12,2,0.0,0
comp_e1c62fcda0f3,VIP_Default,Проверить ключевого клиента (VIP),VIP,60962.547994145,60000.0,176.0,45000.0,1.0465116279069768,2,1,0.0,0
comp_f0a95b7f1a60,VIP_Default,Проверить ключевого клиента (VIP),VIP,60843.40675258562,90000.0,177.0,54000.0,0.0,5,1,0.0,0
comp_b40e80548e51,VIP_AtRisk,"CS: предотвращение оттока, спецпредложения",VIP,60840.874210363996,49000.0,178.0,166000.0,0.0,1,1,0.0,0
comp_03c68b3e6173,VIP_Growth,Retention + Upsell коллаб-продуктов,VIP,60219.72068563999,0.0,179.0,83000.0,1.930232558139535,3,2,0.5833333333333334,0
comp_f36cba98d242,VIP_Growth,Retention + Upsell коллаб-продуктов,VIP,59806.7807611032,106000.0,180.0,75000.0,3.125,2,3,0.8333333333333334,0
comp_eff27a22f817,VIP_Default,Проверить ключевого клиента (VIP),VIP,59795.06151313866,0.0,181.0,47000.0,0.0,1,1,0.0,0
comp_3a21d97f263e,VIP_Growth,Retention + Upsell коллаб-продуктов,VIP,58330.27842438085,0.0,182.0,63000.0,5.7272727272727275,5,2,0.5714285714285714,0
comp_b44a6087b870,VIP_Default,Проверить ключевого клиента (VIP),VIP,58124.88193589683,79000.0,183.0,70000.0,1.044776119402985,3,4,0.6153846153846154,0
comp_b039dc591219,High_CrossSell,Кросс-сейл: предложить доп. продукты,VIP,57702.487278376,93000.0,184.0,84000.0,1.037037037037037,3,2,0.75,0
comp_b815c544d13c,VIP_Default,Проверить ключевого клиента (VIP),VIP,57417.91040000878,53000.0,185.0,60000.0,1.0,13,2,0.5,0
comp_0a975bc0b4cb,VIP_Default,Проверить ключевого клиента (VIP),VIP,57379.1800133334,97000.0,186.0,96000.0,0.0,8,3,0.625,0
comp_ce848b8f4462,VIP_Default,Проверить ключевого клиента (VIP),VIP,57290.339975214694,70000.0,187.0,60000.0,0.0,1,1,0.0,0
comp_ecc3bed3d3b2,High_CrossSell,Кросс-сейл: предложить доп. продукты,VIP,57272.41554923694,64000.0,188.0,55000.0,1.0,2,1,0.5,0
comp_7290df49ffe1,VIP_AtRisk,"CS: предотвращение оттока, спецпредложения",VIP,56984.5004998176,205000.0,189.0,50000.0,0.0,5,1,0.0,0
comp_9e088765a2e9,VIP_Default,Проверить ключевого клиента (VIP),VIP,56603.59182353262,86000.0,190.0,41000.0,1.28125,18,3,0.75,0
comp_2084b3f971e2,High_CrossSell,Кросс-сейл: предложить доп. продукты,VIP,56589.069814781265,99000.0,191.0,59000.0,0.0,1,2,0.0,0
comp_8190684ded57,High_CrossSell,Кросс-сейл: предложить доп. продукты,VIP,56035.01864023803,60000.0,192.0,50000.0,1.3157894736842106,11,2,0.9444444444444444,0
comp_001eac7794df,VIP_Default,Проверить ключевого клиента (VIP),VIP,56009.108105414096,80000.0,193.0,80000.0,0.8,19,1,0.5789473684210527,0
comp_76ae50ceaa20,VIP_Growth,Retention + Upsell коллаб-продуктов,VIP,55950.1991696569,68000.0,194.0,91000.0,2.275,42,3,0.6326530612244898,0
comp_bfd43cd1840f,VIP_Default,Проверить ключевого клиента (VIP),VIP,55514.666936391666,11000.0,195.0,66000.0,0.6111111111111112,18,4,0.9166666666666666,0
comp_516351c254c1,VIP_Default,Проверить ключевого клиента (VIP),VIP,55467.61255772144,112000.0,196.0,156000.0,1.8571428571428572,4,3,0.6153846153846154,0
comp_c5d550eacb52,VIP_Default,Проверить ключевого клиента (VIP),VIP,55440.35521403897,11000.0,197.0,130000.0,1.1111111111111112,3,2,0.6666666666666666,0
comp_70665fe8cbac,VIP_Default,Проверить ключевого клиента (VIP),VIP,55179.96662820339,78000.0,198.0,76000.0,1.027027027027027,8,3,1.0,0
comp_0c5ec037fd0e,High_Default,Проверить клиента High,High,55080.215343260825,80000.0,199.0,78000.0,1.2,4,4,0.8333333333333334,0
comp_47befbadb725,High_Default,Проверить клиента High,High,54904.59195804171,90000.0,200.0,101000.0,0.8487394957983193,8,5,0.6428571428571429,0
comp_b40a9cd6de08,High_Default,Проверить клиента High,High,54790.18533701855,78000.0,201.0,35000.0,3.5,5,3,0.16666666666666666,0
comp_56deddfe2002,High_CrossSell,Кросс-сейл: предложить доп. продукты,High,54790.107278263065,51000.0,202.0,59000.0,1.5945945945945945,3,2,0.5,0
comp_32424cd37601,High_CrossSell,Кросс-сейл: предложить доп. продукты,High,54683.13072428317,57000.0,203.0,47000.0,1.2702702702702702,11,2,0.9473684210526315,0
comp_7819358082fc,High_Default,Проверить клиента High,High,54581.035991025245,156000.0,204.0,132000.0,3.7714285714285714,6,4,0.75,0
comp_81bdfae3c51d,High_Default,Проверить клиента High,High,53701.84381013454,105000.0,205.0,29000.0,0.0,1,1,0.0,0
comp_f611a6924f0e,High_Default,Проверить клиента High,High,53209.52422997999,0.0,206.0,40000.0,0.0,1,1,0.0,0
comp_d860dc444d78,High_Default,Проверить клиента High,High,53106.74876240858,83000.0,207.0,65000.0,0.8227848101265823,6,4,0.7142857142857143,0
comp_0cabbe8ce4fa,High_Default,Проверить клиента High,High,52240.598295161435,70000.0,208.0,56000.0,0.7567567567567568,11,5,0.9473684210526315,0
comp_a51bb48e7bfb,High_Default,Проверить клиента High,High,52236.7733806896,32000.0,209.0,73000.0,0.7373737373737373,12,3,0.7333333333333333,0
comp_570bf4c116ca,High_CrossSell,Кросс-сейл: предложить доп. продукты,High,51958.87870244058,46000.0,210.0,65000.0,1.9696969696969697,7,2,0.5555555555555556,0
comp_33a10866d38c,High_Default,Проверить клиента High,High,51777.039528941634,104000.0,211.0,24000.0,0.0,2,1,0.5,0
comp_4eb587bf2aed,High_Default,Проверить клиента High,High,51748.569609059945,0.0,212.0,111000.0,1.3214285714285714,6,3,0.8,0
comp_b8bbfe610b3f,High_Default,Проверить клиента High,High,51700.97664103159,49000.0,213.0,36000.0,1.5,5,3,1.0,0
comp_be57d1539014,High_Default,Проверить клиента High,High,51396.85934779262,68000.0,214.0,62000.0,0.8611111111111112,5,3,0.6363636363636364,0
comp_fcfc4ef622ac,High_Default,Проверить клиента High,High,51175.614685380875,80000.0,215.0,39000.0,0.0,3,3,0.6666666666666666,0
comp_7651bae1dd20,High_Default,Проверить клиента High,High,51067.90744193682,0.0,216.0,93000.0,2.066666666666667,4,5,0.7,0
comp_ada6a3972d23,High_Default,Проверить клиента High,High,50606.05955272769,0.0,217.0,91000.0,1.2133333333333334,17,4,0.8,0
comp_e19676134966,High_Default,Проверить клиента High,High,50225.60722024888,0.0,218.0,92000.0,2.787878787878788,16,5,0.47058823529411764,1
comp_fb6051d9d68a,High_Default,Проверить клиента High,High,49881.964553474536,185000.0,219.0,28000.0,0.0,1,2,0.0,0
comp_735534c41ac1,High_Default,Проверить клиента High,High,49747.43754203276,125000.0,220.0,50000.0,0.5376344086021505,16,5,0.8095238095238095,0
comp_7945bd4080fb,High_CrossSell,Кросс-сейл: предложить доп. продукты,High,49488.88748648575,0.0,221.0,77000.0,3.5,9,1,0.7777777777777778,0
comp_b884a3268c3b,High_Default,Проверить клиента High,High,49347.99219815661,63000.0,222.0,50000.0,2.1739130434782608,3,2,0.0,0
comp_5125edf94437,High_Default,Проверить клиента High,High,49278.45264658645,21000.0,223.0,65000.0,2.4074074074074074,7,3,0.875,0
comp_85c42146e91c,High_Default,Проверить клиента High,High,49274.276952901346,59000.0,224.0,56000.0,2.3333333333333335,10,3,0.7272727272727273,0
comp_a24ac710861c,High_Default,Проверить клиента High,High,49082.357503191386,66000.0,225.0,44000.0,0.0,4,1,0.75,0
comp_73bd13e0730c,High_Default,Проверить клиента High,High,48954.40923257479,37000.0,226.0,73000.0,2.8076923076923075,8,3,0.8181818181818182,0
comp_b6cac01e33c0,High_Default,Проверить клиента High,High,48950.91350961028,68000.0,227.0,52000.0,1.0612244897959184,12,5,0.9166666666666666,0
comp_af97d108458c,High_CrossSell,Кросс-сейл: предложить доп. продукты,High,48912.01642236387,52000.0,228.0,54000.0,0.8571428571428571,10,2,0.25,0
comp_63f910e7952f,High_Default,Проверить клиента High,High,48824.8091681402,76000.0,229.0,48000.0,1.0212765957446808,14,3,0.7777777777777778,0
comp_4b4865e7e662,High_Default,Проверить клиента High,High,48808.513015329554,0.0,230.0,84000.0,1.3548387096774193,4,3,0.75,0
comp_f82718a3e09a,High_Default,Проверить клиента High,High,48737.382167809024,37000.0,231.0,47000.0,1.2702702702702702,12,3,0.8125,0
comp_db883784556b,High_Default,Проверить клиента High,High,48643.25898363387,32000.0,232.0,66000.0,1.1,4,2,0.7619047619047619,0
comp_35d3b8e97130,High_Default,Проверить клиента High,High,48548.74999421887,82000.0,233.0,23000.0,0.5111111111111111,3,2,0.3333333333333333,0
comp_7aae995c7da2,High_CrossSell,Кросс-сейл: предложить доп. продукты,High,48456.97995405595,44000.0,234.0,53000.0,1.2619047619047619,12,2,0.35714285714285715,0
comp_a76a1ad42c25,High_Default,Проверить клиента High,High,48450.344495508456,22000.0,235.0,56000.0,1.1914893617021276,15,5,1.0,0
comp_f13d8c53784a,High_Default,Проверить клиента High,High,48312.12334232733,55000.0,236.0,60000.0,1.5789473684210527,5,3,0.8888888888888888,0
comp_e6623f5a6e27,High_Default,Проверить клиента High,High,48080.60592392322,99000.0,237.0,33000.0,0.0,3,2,0.0,0
comp_cc84ff290b9d,High_Default,Проверить клиента High,High,48027.028641740595,46000.0,238.0,44000.0,3.6666666666666665,4,3,0.5,0
comp_fee4da0a7890,High_Default,Проверить клиента High,High,47952.10612770549,0.0,239.0,124000.0,1.169811320754717,4,4,0.875,0
comp_8bc8b75893bc,High_CrossSell,Кросс-сейл: предложить доп. продукты,High,47766.70748568074,130000.0,240.0,50000.0,0.0,5,2,0.0,0
comp_dbf8c4f18bcc,High_Default,Проверить клиента High,High,47663.29111850276,36000.0,241.0,44000.0,3.6666666666666665,6,3,0.42857142857142855,0
comp_69d0476a07ae,High_Default,Проверить клиента High,High,47608.17440036806,72000.0,242.0,45000.0,2.142857142857143,11,5,0.8,0
comp_1483fb217266,High_Default,Проверить клиента High,High,47515.15223438053,10000.0,243.0,60000.0,0.0,4,2,0.5,0
comp_4ef95f87f436,High_Default,Проверить клиента High,High,47485.45290405015,74000.0,244.0,44000.0,1.0731707317073171,5,3,0.8,0
comp_93c61dbd3272,High_CrossSell,Кросс-сейл: предложить доп. продукты,High,47408.050216760086,71000.0,245.0,80000.0,0.8,43,2,0.7727272727272727,0
comp_3e46fdfcdebe,High_CrossSell,Кросс-сейл: предложить доп. продукты,High,47376.59529363139,70000.0,246.0,26000.0,1.0833333333333333,4,1,0.75,0
comp_22d03529fa6f,High_Default,Проверить клиента High,High,47375.68461926713,124000.0,247.0,59000.0,0.4244604316546763,6,3,0.8461538461538461,0
comp_399ecf1e4962,High_Default,Проверить клиента High,High,46715.40519068825,39000.0,248.0,38000.0,0.0,1,2,0.0,0
comp_f355f2c59138,High_CrossSell,Кросс-сейл: предложить доп. продукты,High,46549.8616250121,86000.0,249.0,56000.0,1.0,13,2,0.5909090909090909,0
comp_0077c29db87d,High_CrossSell,Кросс-сейл: предложить доп. продукты,High,46515.71226857868,73000.0,250.0,50000.0,0.847457627118644,9,2,0.7894736842105263,0
comp_5e51f19707c7,High_Default,Проверить клиента High,High,46463.35500661827,50000.0,251.0,31000.0,0.0,1,1,0.0,0
comp_b8b3df53139a,High_Default,Проверить клиента High,High,46339.318393724985,74000.0,252.0,44000.0,0.0,2,3,0.0,0
comp_7a3546a5a473,High_Default,Проверить клиента High,High,46280.1330234268,34000.0,253.0,46000.0,1.069767441860465,6,3,0.8888888888888888,0
comp_554a752ddbaf,High_Default,Проверить клиента High,High,46042.63991161191,0.0,254.0,0.0,0.0,4,4,0.5,0
comp_d498b5925f72,High_Default,Проверить клиента High,High,46026.46026754839,112000.0,255.0,98000.0,2.6486486486486487,4,2,0.8333333333333334,0
comp_cddde34ac951,High_Default,Проверить клиента High,High,45946.81794529829,20000.0,256.0,41000.0,3.727272727272727,8,3,0.5714285714285714,0
comp_89c32a9db2f8,High_Default,Проверить клиента High,High,45682.30977395582,56000.0,257.0,46000.0,1.15,12,4,0.9090909090909091,0
comp_0214c9e2f3e1,High_Default,Проверить клиента High,High,45645.76827375692,71000.0,258.0,127000.0,2.3962264150943398,4,3,0.7777777777777778,0
comp_6a01a383cc41,High_Default,Проверить клиента High,High,45589.18327508177,17000.0,259.0,75000.0,0.6637168141592921,3,3,0.8333333333333334,0
comp_f3e20c426d56,High_CrossSell,Кросс-сейл: предложить доп. продукты,High,45584.29695811284,100000.0,260.0,90000.0,0.9,37,2,0.6829268292682927,0
comp_3354bcc66cae,High_Default,Проверить клиента High,High,45576.38674720299,0.0,261.0,0.0,0.0,3,1,0.6666666666666666,0
comp_2f0f2af90281,High_CrossSell,Кросс-сейл: предложить доп. продукты,High,45438.576014193335,54000.0,262.0,27000.0,1.125,3,1,0.6666666666666666,0
comp_284f817552cf,High_Default,Проверить клиента High,High,45347.78516672046,0.0,263.0,127000.0,0.7839506172839507,7,4,0.6111111111111112,0
comp_1ef1af9b0f0c,High_Default,Проверить клиента High,High,44726.9680207894,46000.0,264.0,62000.0,0.0,2,3,0.5,0
comp_d28777027684,High_Default,Проверить клиента High,High,44720.48050092145,80000.0,265.0,72000.0,1.125,4,2,0.8571428571428571,0
comp_b10929256851,High_Default,Проверить клиента High,High,44551.508718573015,30000.0,266.0,57000.0,1.5405405405405406,9,3,0.5,0
comp_4624f00818a7,High_Default,Проверить клиента High,High,44410.539732062454,27000.0,267.0,43000.0,0.6142857142857143,7,4,0.7333333333333333,0
comp_b3b91cca1f5a,High_Default,Проверить клиента High,High,44308.72633287186,71000.0,268.0,46000.0,2.5555555555555554,4,4,0.8333333333333334,0
comp_e6868a8b363b,High_Default,Проверить клиента High,High,44281.91402649527,11000.0,269.0,51000.0,0.0,2,2,0.5,0
comp_9a5b6691db3c,High_Default,Проверить клиента High,High,44166.66595153686,57000.0,270.0,45000.0,0.0,1,2,0.0,0
comp_3793fe08915b,High_Default,Проверить клиента High,High,44152.711743865046,53000.0,271.0,53000.0,1.2619047619047619,7,2,0.9333333333333333,0
comp_da6af51451cf,High_CrossSell,Кросс-сейл: предложить доп. продукты,High,44150.87955504461,36000.0,272.0,37000.0,0.0,3,2,0.0,0
comp_36cdc6da8320,High_Default,Проверить клиента High,High,44126.96900620825,80000.0,273.0,36000.0,1.3846153846153846,3,2,0.6,0
comp_5ee6b9011702,High_Default,Проверить клиента High,High,43868.028283478576,46000.0,274.0,47000.0,2.238095238095238,12,4,0.6,0
comp_a2c470847225,High_CrossSell,Кросс-сейл: предложить доп. продукты,High,43823.18558415706,57000.0,275.0,53000.0,0.0,2,2,0.0,0
comp_b79574c98d51,High_Default,Проверить клиента High,High,43810.59273028177,36000.0,276.0,39000.0,0.0,3,2,0.0,0
comp_63e80608c881,High_Default,Проверить клиента High,High,43552.14202835728,37000.0,277.0,45000.0,4.090909090909091,2,2,0.0,0
comp_f3c58dc233f6,High_Default,Проверить клиента High,High,43474.00012722735,0.0,278.0,70000.0,1.1475409836065573,5,2,0.9090909090909091,0
comp_2d06c363dbfc,High_CrossSell,Кросс-сейл: предложить доп. продукты,High,43443.70905965761,41000.0,279.0,53000.0,0.9464285714285714,9,2,0.5454545454545454,0
comp_06970bb9cdf9,High_CrossSell,Кросс-сейл: предложить доп. продукты,High,43410.86906822994,40000.0,280.0,40000.0,0.0,4,1,0.0,0
comp_66ce572c3993,High_Default,Проверить клиента High,High,43399.08015504364,56000.0,281.0,55000.0,1.9642857142857142,7,4,0.9230769230769231,0
comp_fcd1c83fbddb,High_Default,Проверить клиента High,High,43350.50929797496,0.0,282.0,50000.0,1.4705882352941178,10,3,0.9,0
comp_8ba60e372370,High_Default,Проверить клиента High,High,43259.26846222854,46000.0,283.0,38000.0,0.0,1,2,0.0,0
comp_a4e909b43dd2,High_Default,Проверить клиента High,High,43142.189951166285,55000.0,284.0,76000.0,0.8735632183908046,34,5,0.7096774193548387,0
comp_8c02753a6ebf,High_Default,Проверить клиента High,High,43087.923783185644,32000.0,285.0,84000.0,2.8,13,2,0.5,0
comp_347434998fcb,High_CrossSell,Кросс-сейл: предложить доп. продукты,High,42918.797352618734,35000.0,286.0,85000.0,1.1333333333333333,26,2,0.8367346938775511,0
comp_c4851dd44ca8,High_CrossSell,Кросс-сейл: предложить доп. продукты,High,42656.34879078958,93000.0,287.0,41000.0,0.0,2,2,0.0,0
comp_e28c245730bc,High_Default,Проверить клиента High,High,42459.387020044844,73000.0,288.0,32000.0,1.6,10,5,0.3333333333333333,0
comp_e210d65bfd4f,High_Default,Проверить клиента High,High,42402.596191644654,59000.0,289.0,49000.0,0.7205882352941176,11,2,0.9047619047619048,0
comp_461d7c888adb,High_Default,Проверить клиента High,High,41901.285691106445,38000.0,290.0,35000.0,0.0,2,2,0.0,0
comp_2f964b53a11f,High_Default,Проверить клиента High,High,41823.69903307008,28000.0,291.0,47000.0,0.0,2,3,0.0,0
comp_6a3bef0efe07,High_Default,Проверить клиента High,High,41795.09888769601,0.0,292.0,78000.0,1.95,10,5,0.7142857142857143,0
comp_ce10f642cbbf,High_Default,Проверить клиента High,High,41725.57070709098,73000.0,293.0,42000.0,0.0,1,3,0.0,1
comp_62374963707a,High_CrossSell,Кросс-сейл: предложить доп. продукты,High,41696.764270852975,49000.0,294.0,44000.0,0.0,3,2,0.0,0
comp_56065ccc7fef,High_CrossSell,Кросс-сейл: предложить доп. продукты,High,41686.466226840064,70000.0,295.0,30000.0,0.375,12,1,0.45454545454545453,0
comp_a9dfe250b32f,High_Default,Проверить клиента High,High,41662.71512438376,47000.0,296.0,43000.0,0.6142857142857143,12,5,0.7333333333333333,0
comp_8a0f537b14b1,High_Default,Проверить клиента High,High,41621.942535470014,49000.0,297.0,57000.0,1.5405405405405406,5,2,0.75,0
comp_8bbbd0863bb7,High_CrossSell,Кросс-сейл: предложить доп. продукты,High,41489.98003804986,0.0,298.0,29000.0,0.0,1,1,0.0,0
comp_d39c4bf5b3e1,High_CrossSell,Кросс-сейл: предложить доп. продукты,High,41480.067632614024,74000.0,299.0,45000.0,0.0,1,2,0.0,0
comp_535786edcc97,High_Default,Проверить клиента High,High,41266.780798190375,37000.0,300.0,33000.0,1.736842105263158,13,5,1.0,0
comp_6e5dffc3c808,High_Default,Проверить клиента High,High,41160.36638387344,41000.0,301.0,38000.0,0.0,1,2,0.0,0
comp_83a7a3dcd3ea,High_Default,Проверить клиента High,High,40986.865124003234,45000.0,302.0,44000.0,1.0232558139534884,6,2,0.9333333333333333,0
comp_60d7865583e8,High_Default,Проверить клиента High,High,40877.767239403816,50000.0,303.0,47000.0,0.9791666666666666,5,3,0.5333333333333333,0
comp_1a7355926225,High_CrossSell,Кросс-сейл: предложить доп. продукты,High,40697.79041836786,44000.0,304.0,42000.0,2.0,6,2,0.2,0
comp_e07d1c145e8f,High_Default,Проверить клиента High,High,40132.07871495549,59000.0,305.0,53000.0,1.06,9,2,0.8571428571428571,0
comp_e005cc1c5395,High_Default,Проверить клиента High,High,40060.10350082523,0.0,306.0,43000.0,3.909090909090909,5,5,0.6,1
comp_bd3ebd0de6a6,High_Default,Проверить клиента High,High,40019.593411667265,42000.0,307.0,40000.0,0.8333333333333334,12,3,0.8666666666666667,0
comp_6c676d28e1ec,High_Default,Проверить клиента High,High,39973.38612629808,17000.0,308.0,58000.0,0.8923076923076924,14,2,0.18181818181818182,0
comp_9b6c73f3a217,High_Default,Проверить клиента High,High,39882.965711902594,41000.0,309.0,32000.0,1.3333333333333333,5,2,0.625,0
comp_d069c01346d6,High_Default,Проверить клиента High,High,39877.11725452831,41000.0,310.0,40000.0,0.6896551724137931,4,2,0.625,0
comp_8457879628a1,High_Default,Проверить клиента High,High,39772.932151363355,58000.0,311.0,35000.0,1.1666666666666667,4,3,0.75,0
comp_e47908d22d5c,High_CrossSell,Кросс-сейл: предложить доп. продукты,High,39652.599782717065,0.0,312.0,90000.0,1.125,45,2,0.7555555555555555,0
comp_1fc94861dbf4,High_Default,Проверить клиента High,High,39279.12028028018,0.0,313.0,106000.0,1.0,3,2,0.6666666666666666,0
comp_55d2eef39ecd,High_Default,Проверить клиента High,High,39231.9681001631,73000.0,314.0,22000.0,1.0,7,2,0.6666666666666666,0
comp_14db78e098d8,High_Default,Проверить клиента High,High,39134.14545917771,0.0,315.0,73000.0,1.0735294117647058,3,3,0.8,0
comp_d1522ab93c66,High_Default,Проверить клиента High,High,38999.23665797711,0.0,316.0,120000.0,1.263157894736842,4,3,0.9090909090909091,0
comp_47765c74f995,High_Default,Проверить клиента High,High,38766.41362405996,27000.0,317.0,36000.0,1.5,11,4,0.8,0
comp_dbf0c74b8cf8,High_Default,Проверить клиента High,High,38751.07333220379,50000.0,318.0,46000.0,2.090909090909091,5,3,0.8,0
comp_412dc78d0fb8,High_CrossSell,Кросс-сейл: предложить доп. продукты,High,38630.484737550694,0.0,319.0,41000.0,3.727272727272727,11,2,0.125,0
comp_1982aeabbdf5,High_Default,Проверить клиента High,High,38507.18754677304,40000.0,320.0,42000.0,1.4,4,4,0.2727272727272727,0
comp_2c9f2626c8f3,High_Default,Проверить клиента High,High,38503.50816400364,39000.0,321.0,35000.0,1.1290322580645162,13,5,1.0,0
comp_ac8f736b0fbf,High_Default,Проверить клиента High,High,38501.23358570966,26000.0,322.0,37000.0,0.0,3,2,0.0,0
comp_8c9706f243fe,High_CrossSell,Кросс-сейл: предложить доп. продукты,High,38488.02895762579,59000.0,323.0,37000.0,0.0,3,2,0.0,0
comp_d6d40affed7a,High_CrossSell,Кросс-сейл: предложить доп. продукты,High,38466.45282196246,0.0,324.0,36000.0,0.4864864864864865,3,2,0.2,0
comp_8a3c4a1194cc,High_Default,Проверить клиента High,High,38300.97428384088,41000.0,325.0,38000.0,1.2258064516129032,7,3,0.7142857142857143,0
comp_8ee83512e33f,High_Default,Проверить клиента High,High,38253.45748697509,45000.0,326.0,45000.0,1.0227272727272727,11,3,0.6923076923076923,0
comp_5dd3137944f7,High_Default,Проверить клиента High,High,38176.777330154546,64000.0,327.0,21000.0,1.105263157894737,4,2,0.75,0
comp_d1d0e82ae814,High_CrossSell,Кросс-сейл: предложить доп. продукты,High,38114.086747692534,40000.0,328.0,70000.0,0.660377358490566,24,2,0.5185185185185185,0
comp_8c96f101048f,High_Default,Проверить клиента High,High,37905.03891527139,49000.0,329.0,24000.0,0.0,1,2,0.0,0
comp_7f074e237560,High_Default,Проверить клиента High,High,37857.02064757226,41000.0,330.0,25000.0,2.0833333333333335,4,3,0.7142857142857143,0
comp_d17b0279c814,High_CrossSell,Кросс-сейл: предложить доп. продукты,High,37813.53768501535,37000.0,331.0,38000.0,0.0,1,2,0.0,0
comp_97042824058d,High_CrossSell,Кросс-сейл: предложить доп. продукты,High,37736.5931448694,30000.0,332.0,46000.0,1.0222222222222221,8,2,0.85,0
comp_7bc231cd2096,High_CrossSell,Кросс-сейл: предложить доп. продукты,High,37701.83662099596,61000.0,333.0,27000.0,1.173913043478261,3,1,0.3333333333333333,0
comp_21e8022d66e1,High_Default,Проверить клиента High,High,37671.473458773326,40000.0,334.0,30000.0,0.5660377358490566,4,3,0.5,0
comp_56e3a3731f2b,High_CrossSell,Кросс-сейл: предложить доп. продукты,High,37598.566166141776,70000.0,335.0,10000.0,0.5882352941176471,12,2,0.6153846153846154,0
comp_62920e3975c7,High_Default,Проверить клиента High,High,37431.21000729783,29000.0,336.0,26000.0,1.5294117647058822,12,4,0.9333333333333333,0
comp_b3adf22d766f,High_CrossSell,Кросс-сейл: предложить доп. продукты,High,37427.23041909404,10000.0,337.0,59000.0,1.475,23,2,0.7555555555555555,0
comp_95ff4dc01877,High_Default,Проверить клиента High,High,37378.93898532772,59000.0,338.0,51000.0,1.0,4,3,0.75,0
comp_38a382ab8d38,High_Default,Проверить клиента High,High,37374.98140393128,50000.0,339.0,27000.0,0.5869565217391305,4,3,0.75,0
comp_aa2eecd8a95e,High_CrossSell,Кросс-сейл: предложить доп. продукты,High,37229.24671412061,42000.0,340.0,37000.0,1.2333333333333334,2,1,0.5,0
comp_b125e52b55e9,High_Default,Проверить клиента High,High,37110.598836496276,52000.0,341.0,50000.0,1.1111111111111112,4,2,0.75,0
comp_ee8511d65cac,High_Default,Проверить клиента High,High,37050.503778118036,47000.0,342.0,33000.0,0.8048780487804879,11,4,0.6666666666666666,0
comp_f3fe49152b25,High_CrossSell,Кросс-сейл: предложить доп. продукты,High,37001.74448695996,50000.0,343.0,32000.0,1.0,5,2,0.5,0
comp_1b8a66b93906,High_Default,Проверить клиента High,High,36805.91060565105,34000.0,344.0,36000.0,1.2,10,4,0.7142857142857143,0
comp_2311eafce6de,High_Default,Проверить клиента High,High,36718.27668872963,37000.0,345.0,44000.0,1.0232558139534884,12,3,1.0,0
comp_c0a3c2da5573,High_Default,Проверить клиента High,High,36566.04114469248,47000.0,346.0,38000.0,0.6031746031746031,3,2,0.5714285714285714,0
comp_b86cb9bc52ca,High_Default,Проверить клиента High,High,36487.8703570591,43000.0,347.0,29000.0,0.4461538461538462,9,4,0.8181818181818182,0
comp_7cbb45313e62,High_Default,Проверить клиента High,High,36386.09287900171,71000.0,348.0,21000.0,1.0,3,1,0.6666666666666666,0
comp_9a4d974aa5d2,High_CrossSell,Кросс-сейл: предложить доп. продукты,High,36317.15143123616,35000.0,349.0,44000.0,1.9130434782608696,4,2,0.6666666666666666,0
comp_0c0c3381b9e5,High_CrossSell,Кросс-сейл: предложить доп. продукты,High,36288.70774353105,0.0,350.0,48000.0,0.0,2,2,0.0,0
comp_9ad6fdf4f8f4,High_CrossSell,Кросс-сейл: предложить доп. продукты,High,36273.66112568217,32000.0,351.0,42000.0,1.9090909090909092,9,1,0.6666666666666666,0
comp_d21b16115a31,High_CrossSell,Кросс-сейл: предложить доп. продукты,High,35780.63430823014,0.0,352.0,0.0,0.0,1,2,0.0,0
comp_23902342e5d2,High_Default,Проверить клиента High,High,35776.87414323174,0.0,353.0,77000.0,2.026315789473684,3,3,0.5,0
comp_215edc889773,High_CrossSell,Кросс-сейл: предложить доп. продукты,High,35645.74047113636,52000.0,354.0,13000.0,0.5652173913043478,7,1,0.42857142857142855,0
comp_d18f41ed8ca6,High_Default,Проверить клиента High,High,35609.28981774936,0.0,355.0,38000.0,1.4074074074074074,6,3,0.5,0
comp_df449beb35e3,High_CrossSell,Кросс-сейл: предложить доп. продукты,High,35564.79901198393,26000.0,356.0,36000.0,1.44,5,2,0.6,0
comp_138f4ccd6086,High_CrossSell,Кросс-сейл: предложить доп. продукты,High,35492.03510873145,53000.0,357.0,47000.0,1.2702702702702702,23,2,1.0,0
comp_41c2b8d2eb25,High_CrossSell,Кросс-сейл: предложить доп. продукты,High,35223.85128785249,89000.0,358.0,36000.0,0.0,3,2,0.8571428571428571,0
comp_3945c17a44b9,High_Default,Проверить клиента High,High,35155.80705305038,53000.0,359.0,27000.0,1.0384615384615385,3,2,0.6666666666666666,0
comp_d9c0c5fa7624,High_CrossSell,Кросс-сейл: предложить доп. продукты,High,34957.93153091797,0.0,360.0,32000.0,1.3333333333333333,5,1,0.75,0
comp_85ecc7c37003,High_Default,Проверить клиента High,High,34934.02558775755,0.0,361.0,0.0,0.0,1,2,0.0,0
comp_e0c5fb1f9f75,High_CrossSell,Кросс-сейл: предложить доп. продукты,High,34908.54629156788,55000.0,362.0,33000.0,0.0,3,1,0.3333333333333333,0
comp_10ef6ce766c6,High_Default,Проверить клиента High,High,34884.71518910288,50000.0,363.0,30000.0,1.3636363636363635,5,3,0.42857142857142855,0
comp_dbb722866eb1,High_Default,Проверить клиента High,High,34779.8429766235,27000.0,364.0,25000.0,0.0,2,1,0.5,0
comp_f6b48f9f2507,High_Default,Проверить клиента High,High,34642.418161905036,32000.0,365.0,38000.0,0.76,12,5,0.6,0
comp_ca4c7ce39465,High_CrossSell,Кросс-сейл: предложить доп. продукты,High,34420.999496898,0.0,366.0,70000.0,2.0,4,2,0.6666666666666666,0
comp_8bc68cd42d25,High_CrossSell,Кросс-сейл: предложить доп. продукты,High,34348.841987865584,42000.0,367.0,37000.0,0.0,2,2,0.3333333333333333,0
comp_b1d242e22128,High_Default,Проверить клиента High,High,34244.92981128406,0.0,368.0,38000.0,2.375,3,2,0.75,0
comp_d794d86500c9,High_CrossSell,Кросс-сейл: предложить доп. продукты,High,34233.585340881844,0.0,369.0,45000.0,0.0,1,2,0.0,0
comp_9cb3efd21b37,High_Default,Проверить клиента High,High,33954.60800969119,58000.0,370.0,0.0,0.0,4,3,0.8888888888888888,0
comp_4db08d152851,High_CrossSell,Кросс-сейл: предложить доп. продукты,High,33944.44577397258,56000.0,371.0,18000.0,0.0,6,1,0.6666666666666666,0
comp_6b561a17ad76,High_CrossSell,Кросс-сейл: предложить доп. продукты,High,33909.72166187526,0.0,372.0,43000.0,4.3,5,1,0.2,0
comp_5c4afae30d58,High_Default,Проверить клиента High,High,33871.59720209323,105000.0,373.0,55000.0,0.6875,34,3,0.8421052631578947,0
comp_4b4246322707,High_Default,Проверить клиента High,High,33866.62209689051,32000.0,374.0,43000.0,0.0,2,2,0.0,0
comp_7b7b8205e053,High_Default,Проверить клиента High,High,33820.2535379503,30000.0,375.0,24000.0,0.6,6,2,0.6666666666666666,0
comp_368db4527003,High_CrossSell,Кросс-сейл: предложить доп. продукты,High,33808.69322577326,27000.0,376.0,27000.0,0.0,1,2,0.0,0
comp_99dac03b842c,High_Default,Проверить клиента High,High,33725.874212445124,52000.0,377.0,29000.0,1.16,3,2,0.75,0
comp_c91bac253d95,High_Default,Проверить клиента High,High,33658.95915130675,0.0,378.0,71000.0,2.6296296296296298,3,3,0.7142857142857143,0
comp_3529a4ba76ac,High_Default,Проверить клиента High,High,33440.432088144575,99000.0,379.0,11000.0,0.0,9,2,0.375,0
comp_332bc306be79,High_Default,Проверить клиента High,High,33395.78828454071,32000.0,380.0,36000.0,2.4,8,4,0.7142857142857143,0
comp_d67c20f3c752,High_Default,Проверить клиента High,High,33352.020717677144,21000.0,381.0,30000.0,1.5,6,1,0.16666666666666666,0
comp_4e16be0a6f8f,High_CrossSell,Кросс-сейл: предложить доп. продукты,High,33315.87996004322,27000.0,382.0,37000.0,0.43023255813953487,16,2,0.7368421052631579,0
comp_9278411c9064,High_CrossSell,Кросс-сейл: предложить доп. продукты,High,33297.58379275705,21000.0,383.0,51000.0,2.4285714285714284,8,1,0.375,0
comp_62869ac73396,High_CrossSell,Кросс-сейл: предложить доп. продукты,High,33252.149775176316,37000.0,384.0,41000.0,0.803921568627451,8,2,0.9166666666666666,0
comp_9d2d6ca3d73f,High_Default,Проверить клиента High,High,33229.07991982004,50000.0,385.0,38000.0,1.027027027027027,3,2,1.0,0
comp_b1c0df3594df,High_Default,Проверить клиента High,High,33162.09177162129,0.0,386.0,50000.0,0.0,2,5,0.0,1
comp_d1e38d6d3388,High_Default,Проверить клиента High,High,32907.345599276305,34000.0,387.0,34000.0,0.7555555555555555,9,3,0.6,0
comp_855d53d10345,High_Default,Проверить клиента High,High,32866.92286745607,27000.0,388.0,26000.0,1.0,3,2,0.6666666666666666,0
comp_baf6e44c636f,High_Default,Проверить клиента High,High,32860.17962258893,34000.0,389.0,33000.0,1.1,11,6,0.625,0
comp_062812c8e776,High_Default,Проверить клиента High,High,32691.705417723624,35000.0,390.0,33000.0,0.717391304347826,6,3,0.6666666666666666,0
comp_92edfb6c00a3,High_CrossSell,Кросс-сейл: предложить доп. продукты,High,32450.669851945015,0.0,391.0,104000.0,3.0588235294117645,9,2,0.7272727272727273,0
comp_0c0b6dfb786b,High_CrossSell,Кросс-сейл: предложить доп. продукты,High,32193.852541780812,23000.0,392.0,23000.0,0.0,1,1,0.0,0
comp_b29fb3d1ad5b,High_CrossSell,Кросс-сейл: предложить доп. продукты,High,32185.834436933736,36000.0,393.0,35000.0,0.0,1,2,0.0,0
comp_d95b802fa25c,High_Default,Проверить клиента High,High,32164.64553859442,38000.0,394.0,37000.0,1.0571428571428572,4,4,0.375,0
comp_c424427dbb3b,High_Default,Проверить клиента High,High,32161.488315252314,30000.0,395.0,33000.0,1.5714285714285714,5,1,0.4,0
comp_e55d5890740a,High_CrossSell,Кросс-сейл: предложить доп. продукты,High,32073.849250952542,33000.0,396.0,33000.0,1.0,18,1,0.09090909090909091,0
comp_d8bd93395dd4,Medium_Renewal,Продления: стимулировать повторные покупки,Medium,31807.193505358,0.0,399.0,40000.0,4.0,2,2,0.0,0
comp_401f37f2950d,Medium_Renewal,Продления: стимулировать повторные покупки,Medium,31580.68869843542,39000.0,401.0,22000.0,0.0,2,1,0.0,0
comp_73c822ec6f16,Medium_Renewal,Продления: стимулировать повторные покупки,Medium,31471.416628189938,51000.0,406.0,48000.0,2.6666666666666665,5,2,0.2857142857142857,0
comp_2386eb83e846,Medium_Renewal,Продления: стимулировать повторные покупки,Medium,31278.503051134194,45000.0,409.0,25000.0,0.0,2,1,0.0,1
comp_e0f5d55273ee,Medium_Renewal,Продления: стимулировать повторные покупки,Medium,30861.508829061237,20000.0,415.0,40000.0,0.0,4,1,0.0,0
comp_ebd5e376ff30,Medium_Renewal,Продления: стимулировать повторные покупки,Medium,30844.890955739393,70000.0,416.0,30000.0,0.0,3,1,0.0,0
comp_aa59a7d3f6ad,Medium_Renewal,Продления: стимулировать повторные покупки,Medium,30239.024756401024,23000.0,427.0,33000.0,0.0,12,2,0.2857142857142857,0
comp_21693edc7e6b,Medium_Renewal,Продления: стимулировать повторные покупки,Medium,29886.636843526252,33000.0,433.0,41000.0,0.0,3,2,0.0,1
comp_b241a91cd567,Medium_Renewal,Продления: стимулировать повторные покупки,Medium,29865.217307864714,40000.0,434.0,30000.0,1.5,5,1,0.2,0
comp_529e11ca455f,Medium_Renewal,Продления: стимулировать повторные покупки,Medium,29604.41555469665,39000.0,439.0,28000.0,0.0,11,5,0.2857142857142857,0
comp_8ecd8fb93604,Medium_Renewal,Продления: стимулировать повторные покупки,Medium,29234.938222288034,37000.0,446.0,32000.0,0.0,2,3,0.0,0
comp_bb93874b8bed,Medium_Renewal,Продления: стимулировать повторные покупки,Medium,29019.64507572903,34000.0,448.0,32000.0,0.0,4,2,0.0,0
comp_2d0ed1c7cc6a,Medium_Renewal,Продления: стимулировать повторные покупки,Medium,28838.113957418132,50000.0,449.0,20000.0,0.5,6,1,0.16666666666666666,0
comp_edae4112dc4d,Medium_Renewal,Продления: стимулировать повторные покупки,Medium,28192.09596309561,40000.0,458.0,30000.0,0.0,3,1,0.0,0
comp_08d10710c027,Medium_Renewal,Продления: стимулировать повторные покупки,Medium,27593.93748985289,38000.0,469.0,34000.0,1.1333333333333333,4,2,0.25,0
comp_c2fd33632fe7,Medium_Renewal,Продления: стимулировать повторные покупки,Medium,27413.40978423516,0.0,475.0,40000.0,4.0,5,1,0.0,0
comp_6fc4db9837bf,Medium_Renewal,Продления: стимулировать повторные покупки,Medium,27175.285242839724,47000.0,481.0,36000.0,0.0,2,2,0.0,0
comp_879cc9eecb8c,Medium_Renewal,Продления: стимулировать повторные покупки,Medium,26441.134856672372,17000.0,490.0,27000.0,0.0,2,2,0.0,0
comp_1283cd735db1,Medium_Renewal,Продления: стимулировать повторные покупки,Medium,26411.989863490697,10000.0,492.0,51000.0,0.0,2,5,0.0,1
comp_5529f1368d24,Medium_Renewal,Продления: стимулировать повторные покупки,Medium,26287.18388646987,10000.0,494.0,48000.0,3.2,2,4,0.0,1
comp_18706992276c,Medium_Renewal,Продления: стимулировать повторные покупки,Medium,25411.418102809614,0.0,505.0,40000.0,0.0,4,1,0.0,0
comp_fcc7c19330ce,Medium_Renewal,Продления: стимулировать повторные покупки,Medium,25348.442847240192,30000.0,507.0,22000.0,0.0,2,1,0.0,0
comp_14d63d5bd9a0,Medium_Renewal,Продления: стимулировать повторные покупки,Medium,25234.389745365967,11000.0,509.0,23000.0,0.0,2,1,0.0,0
comp_8dc83b6c913c,Medium_Renewal,Продления: стимулировать повторные покупки,Medium,25029.666546850756,40000.0,511.0,20000.0,0.0,2,1,0.0,0
comp_2bf22e16ca2c,Medium_Renewal,Продления: стимулировать повторные покупки,Medium,24807.518868945735,0.0,517.0,41000.0,0.0,2,4,0.0,1
comp_1044e05f7852,Medium_Renewal,Продления: стимулировать повторные покупки,Medium,24604.949140529425,0.0,525.0,45000.0,0.0,5,3,0.2857142857142857,0
comp_6d6d10b877ec,Medium_Renewal,Продления: стимулировать повторные покупки,Medium,24566.78458878089,11000.0,526.0,22000.0,0.0,2,1,0.0,0
comp_84e91c272380,Medium_Renewal,Продления: стимулировать повторные покупки,Medium,24079.52906375849,20000.0,538.0,40000.0,1.3333333333333333,7,1,0.2857142857142857,0
comp_dfb96b247192,Medium_Renewal,Продления: стимулировать повторные покупки,Medium,23690.204223221295,10000.0,544.0,30000.0,1.4285714285714286,3,6,0.0,1
comp_694fe91aa43a,Medium_Renewal,Продления: стимулировать повторные покупки,Medium,23634.182256538865,25000.0,545.0,26000.0,0.0,2,1,0.0,0
comp_833b4d26e555,Medium_Renewal,Продления: стимулировать повторные покупки,Medium,23587.851765844134,20000.0,548.0,20000.0,1.0,4,1,0.0,0
comp_429a708d44f7,Medium_Renewal,Продления: стимулировать повторные покупки,Medium,23562.760571055747,0.0,549.0,16000.0,0.4444444444444444,2,2,0.25,0
comp_582791df18f2,Medium_Renewal,Продления: стимулировать повторные покупки,Medium,23501.85991090705,0.0,552.0,25000.0,0.5952380952380952,4,4,0.2857142857142857,0
comp_9e695e32b155,Medium_Renewal,Продления: стимулировать повторные покупки,Medium,23430.843909357387,20000.0,554.0,30000.0,1.875,5,1,0.2,0
comp_57f21ef00a6a,Medium_Renewal,Продления: стимулировать повторные покупки,Medium,23113.035451839012,50000.0,561.0,40000.0,0.0,2,4,0.0,1
comp_44be4a7bcf91,Medium_Renewal,Продления: стимулировать повторные покупки,Medium,22504.635600364076,10000.0,572.0,21000.0,1.05,5,1,0.2,0
comp_0af0f51df808,Medium_Renewal,Продления: стимулировать повторные покупки,Medium,22339.074943436877,18000.0,575.0,26000.0,1.0833333333333333,6,2,0.16666666666666666,0
comp_31b0d060fa86,Medium_Renewal,Продления: стимулировать повторные покупки,Medium,21916.482681860845,43000.0,580.0,32000.0,0.0,2,2,0.0,0
comp_654829048f75,Medium_Renewal,Продления: стимулировать повторные покупки,Medium,21904.940401689208,17000.0,581.0,27000.0,1.0384615384615385,3,2,0.25,0
comp_ae8aea626eb7,Medium_Renewal,Продления: стимулировать повторные покупки,Medium,21278.796347663658,11000.0,591.0,44000.0,1.5714285714285714,4,4,0.16666666666666666,0
comp_484c4fc240cf,Medium_Renewal,Продления: стимулировать повторные покупки,Medium,21195.9367002584,13000.0,594.0,13000.0,1.1818181818181819,2,1,0.0,0
comp_9d982759c543,Medium_Renewal,Продления: стимулировать повторные покупки,Medium,21061.08645383073,20000.0,595.0,15000.0,0.9375,2,1,0.0,0
comp_8371e58723e6,Medium_Renewal,Продления: стимулировать повторные покупки,Medium,21026.12053798372,0.0,596.0,22000.0,0.0,2,1,0.0,0
comp_c3eea2ae812c,Medium_Renewal,Продления: стимулировать повторные покупки,Medium,21003.78156885928,61000.0,599.0,20000.0,0.0,2,1,0.0,0
comp_32228686da09,Medium_Renewal,Продления: стимулировать повторные покупки,Medium,20295.711086640014,24000.0,617.0,15000.0,1.1538461538461537,5,1,0.25,0
comp_1d9ef7415ac2,Medium_Renewal,Продления: стимулировать повторные покупки,Medium,19882.813967214406,20000.0,624.0,15000.0,1.3636363636363635,3,1,0.0,0
comp_75e2f640baa0,Medium_Renewal,Продления: стимулировать повторные покупки,Medium,19804.1778007793,0.0,629.0,29000.0,1.0,4,5,0.0,0
comp_ff67acb37c98,Medium_Renewal,Продления: стимулировать повторные покупки,Medium,19289.505974012787,0.0,638.0,40000.0,0.0,2,4,0.0,1
comp_75e1e4aede2a,Medium_Renewal,Продления: стимулировать повторные покупки,Medium,17586.93323380752,27000.0,664.0,27000.0,0.0,4,5,0.0,0
comp_9d45f5880806,Medium_Renewal,Продления: стимулировать повторные покупки,Medium,17531.909512141592,0.0,665.0,31000.0,0.0,2,2,0.0,0
comp_6d91ec28df0a,Medium_Renewal,Продления: стимулировать повторные покупки,Medium,17216.363234767097,0.0,668.0,23000.0,0.0,2,2,0.0,0
comp_49afb3517e02,Medium_Renewal,Продления: стимулировать повторные покупки,Medium,17148.283862445332,31000.0,669.0,10000.0,0.625,2,1,0.0,0
comp_ddc3cc0833fd,Medium_Renewal,Продления: стимулировать повторные покупки,Medium,16915.92283617934,0.0,676.0,20000.0,0.0,2,1,0.0,0
comp_a6a896bc3100,Medium_Renewal,Продления: стимулировать повторные покупки,Medium,16727.896913076034,23000.0,682.0,20000.0,1.6666666666666667,3,1,0.0,0
comp_dad51c07248e,Medium_Renewal,Продления: стимулировать повторные покупки,Medium,16557.441495887993,16000.0,685.0,22000.0,0.0,4,2,0.25,0
comp_40112db2be46,Medium_Renewal,Продления: стимулировать повторные покупки,Medium,16109.020901519838,10000.0,694.0,30000.0,0.0,8,2,0.0,0
comp_371052c72270,Medium_Renewal,Продления: стимулировать повторные покупки,Medium,16061.768965811993,16000.0,695.0,31000.0,2.8181818181818183,5,4,0.2,0
comp_869d0e380e44,Medium_Renewal,Продления: стимулировать повторные покупки,Medium,15685.33738897325,10000.0,705.0,30000.0,3.0,4,1,0.25,0
comp_08a10b973971,Medium_Renewal,Продления: стимулировать повторные покупки,Medium,15663.168197825691,21000.0,707.0,18000.0,1.0,4,3,0.2857142857142857,0
comp_ea5fe1da8f0f,Medium_Renewal,Продления: стимулировать повторные покупки,Medium,14755.229132808396,21000.0,729.0,22000.0,2.0,3,1,0.0,0
comp_76c2d4a40589,Medium_Renewal,Продления: стимулировать повторные покупки,Medium,14409.61547920234,0.0,737.0,30000.0,0.0,3,1,0.0,0
comp_ddd37014da74,Medium_Renewal,Продления: стимулировать повторные покупки,Medium,14247.869778710952,0.0,745.0,10000.0,0.9090909090909091,2,1,0.0,0
comp_fa2e4cc0df79,Medium_Renewal,Продления: стимулировать повторные покупки,Medium,14161.927005504516,22000.0,753.0,22000.0,1.0,2,1,0.0,0
comp_29627d612724,Medium_Renewal,Продления: стимулировать повторные покупки,Medium,13687.475575254626,16000.0,767.0,16000.0,1.0666666666666667,3,3,0.25,0
comp_0fdd0dd8279a,Medium_Renewal,Продления: стимулировать повторные покупки,Medium,13291.11332968219,31000.0,776.0,11000.0,1.1,2,1,0.0,0
comp_912b826355ae,Medium_Renewal,Продления: стимулировать повторные покупки,Medium,13023.174503672562,0.0,783.0,32000.0,0.0,2,2,0.0,0
comp_d38dd50431e3,Medium_Renewal,Продления: стимулировать повторные покупки,Medium,12568.735420139386,22000.0,795.0,22000.0,0.0,2,1,0.0,0
comp_97bd573cc270,Medium_Renewal,Продления: стимулировать повторные покупки,Medium,12486.12428001408,0.0,796.0,53000.0,0.0,2,2,0.0,0
comp_8c0612b357e3,Medium_Renewal,Продления: стимулировать повторные покупки,Medium,12179.669363030047,0.0,801.0,22000.0,1.0476190476190477,4,1,0.25,0
comp_1812221eabea,Medium_Renewal,Продления: стимулировать повторные покупки,Medium,11980.28151961785,0.0,805.0,11000.0,1.0,2,1,0.0,0
comp_936fa1a4e9fb,Medium_Renewal,Продления: стимулировать повторные покупки,Medium,11738.519485800553,0.0,809.0,17000.0,1.2142857142857142,2,1,0.0,0
comp_ea0c60691df5,Medium_Renewal,Продления: стимулировать повторные покупки,Medium,11452.261005869756,0.0,821.0,31000.0,0.0,4,5,0.0,1
comp_a8ebc9f305a1,Medium_Renewal,Продления: стимулировать повторные покупки,Medium,11340.525336555746,0.0,827.0,20000.0,0.0,6,3,0.0,0
comp_0a26e4c3b008,Medium_Renewal,Продления: стимулировать повторные покупки,Medium,10859.504913334871,11000.0,837.0,11000.0,1.0,7,2,0.0,0
comp_cb42451b3023,Medium_Renewal,Продления: стимулировать повторные покупки,Medium,10741.649096559717,0.0,840.0,11000.0,1.1,2,1,0.0,0
comp_a149bf46b7dd,Medium_Renewal,Продления: стимулировать повторные покупки,Medium,10703.576509773851,33000.0,842.0,0.0,0.0,2,3,0.0,0
comp_ff11ab0c81c1,Medium_Renewal,Продления: стимулировать повторные покупки,Medium,10660.885461618898,11000.0,845.0,10000.0,0.0,2,1,0.0,0
comp_ceb49bb635ab,Medium_Renewal,Продления: стимулировать повторные покупки,Medium,10441.48691780625,0.0,851.0,0.0,0.0,8,4,0.2857142857142857,0
comp_d4b6d846f4c6,Medium_Renewal,Продления: стимулировать повторные покупки,Medium,10421.033747221998,11000.0,852.0,11000.0,1.1,2,1,0.0,0
comp_3e9246019585,Medium_Renewal,Продления: стимулировать повторные покупки,Medium,9955.974448503697,10000.0,866.0,10000.0,0.0,2,3,0.0,0
comp_d38c48b34eee,Medium_Renewal,Продления: стимулировать повторные покупки,Medium,9897.166150450568,0.0,868.0,20000.0,0.0,3,1,0.0,0
comp_c89bf6e582fe,Medium_Renewal,Продления: стимулировать повторные покупки,Medium,9582.29285173881,0.0,875.0,10000.0,0.9090909090909091,2,1,0.0,0
comp_4bc7a36df85a,Medium_Renewal,Продления: стимулировать повторные покупки,Medium,9529.821510428368,0.0,877.0,20000.0,2.0,4,1,0.0,0
comp_ef3c20c1c861,Medium_Renewal,Продления: стимулировать повторные покупки,Medium,9394.031676537084,20000.0,883.0,0.0,0.0,2,3,0.0,0
comp_568f8c3a75af,Medium_Renewal,Продления: стимулировать повторные покупки,Medium,9392.42473503143,10000.0,884.0,10000.0,1.0,2,1,0.0,0
comp_12a8507dc079,Medium_Renewal,Продления: стимулировать повторные покупки,Medium,9385.466316348822,10000.0,885.0,10000.0,0.5,4,1,0.25,0
comp_efab1231bac4,Medium_Renewal,Продления: стимулировать повторные покупки,Medium,9330.540946261903,42000.0,888.0,0.0,0.0,12,3,0.0,0
comp_eb433e56fe2b,Medium_Renewal,Продления: стимулировать повторные покупки,Medium,8898.699243261124,0.0,901.0,21000.0,0.0,2,2,0.0,0
comp_8ae41636b61f,Medium_Renewal,Продления: стимулировать повторные покупки,Medium,8825.382918536292,10000.0,902.0,10000.0,1.0,2,1,0.0,0
comp_5b2b8128d09a,Medium_Renewal,Продления: стимулировать повторные покупки,Medium,8793.86113323952,0.0,905.0,12000.0,0.0,2,2,0.0,0
comp_bab3f9b88ea5,Medium_Renewal,Продления: стимулировать повторные покупки,Medium,8360.01470988154,0.0,925.0,11000.0,1.0,2,1,0.0,0
comp_da1ab932bd59,Medium_Renewal,Продления: стимулировать повторные покупки,Medium,8212.9601203512,11000.0,934.0,11000.0,1.0,2,1,0.0,0
comp_f4a846db01f4,Medium_Renewal,Продления: стимулировать повторные покупки,Medium,8101.536065562627,10000.0,938.0,10000.0,1.0,2,1,0.0,0
comp_47bd4b2f6d31,Medium_Renewal,Продления: стимулировать повторные покупки,Medium,8092.024685709341,0.0,939.0,22000.0,2.0,3,1,0.0,0
comp_6f8215b81f08,Medium_Renewal,Продления: стимулировать повторные покупки,Medium,8079.543980183041,0.0,941.0,10000.0,0.0,2,1,0.0,0
comp_61ee1fb755c0,Medium_Renewal,Продления: стимулировать повторные покупки,Medium,7883.7788636252535,0.0,947.0,30000.0,0.0,3,1,0.0,0
comp_9fd2a12eceb2,Medium_Renewal,Продления: стимулировать повторные покупки,Medium,7723.163635893427,0.0,957.0,10000.0,1.0,2,1,0.0,0
comp_d44713012369,Medium_Renewal,Продления: стимулировать повторные покупки,Medium,7337.114547380286,0.0,972.0,21000.0,1.9090909090909092,2,2,0.0,0
comp_371a2d08ef6a,Medium_Renewal,Продления: стимулировать повторные покупки,Medium,7281.8297266020645,20000.0,973.0,11000.0,0.5238095238095238,22,2,0.2727272727272727,0
comp_a0b574d84616,Medium_Renewal,Продления: стимулировать повторные покупки,Medium,7130.1562595675605,0.0,981.0,20000.0,1.0,7,2,0.14285714285714285,0
comp_65ef5eb74f3b,Medium_Renewal,Продления: стимулировать повторные покупки,Medium,7018.882361797277,0.0,982.0,21000.0,1.0,3,2,0.0,0
comp_d3906099e5fa,Medium_Renewal,Продления: стимулировать повторные покупки,Medium,6851.542691576175,0.0,988.0,10000.0,1.0,2,1,0.0,0
comp_509590d4b70d,Medium_Renewal,Продления: стимулировать повторные покупки,Medium,6841.917094746805,10000.0,989.0,10000.0,1.0,2,1,0.0,0
comp_58aedcc53a0a,Medium_Renewal,Продления: стимулировать повторные покупки,Medium,6825.93979973861,0.0,990.0,0.0,0.0,3,1,0.0,0
